product_id,product_name,brand,suitable_shades,suitable_concerns,suitable_skin_types,coverage_score,longevity_score,lightweight_score,product_type,ingredient_level,compat_oily,compat_dry,compat_sensitive,compat_combination,review_count,avg_rating,price,product_link
-6248764546352340044,"[덱스 PICK] 오브제 내추럴 커버 파운데이션 13g (SPF50+, PA++++)",오브제,"['2호', '1호']",[],[],3.17,2.88,3.61,liquid,저자극,0.4272727272727273,0.7272727272727273,0.5772727272727273,0.5772727272727273,184,5.0,36800,https://www.oliveyoung.co.kr/store/goods/getGoodsDetail.do?goodsNo=A000000161010&dispCatNo=1000001000700080011&trackingCd=Cat1000001000700080011_Small&t_page=%EC%B9%B4%ED%85%8C%EA%B3%A0%EB%A6%AC%EA%B4%80&t_click=%EC%BF%A0%EC%85%98/%ED%8C%8C%EC%9A%B4%EB%8D%B0%EC%9D%B4%EC%85%98_%EC%A0%84%EC%B2%B4__%EC%83%81%ED%92%88%EC%83%81%EC%84%B8&t_number=7&tab=review
-3368872392521866595,[NEW/덱스PICK] 오브제 퍼펙트 커버 쿠션 15g,오브제,"['1호', '2호', '3호']","['spots', 'acne']","['dry', 'combination']",3.33,2.96,3.79,cushion,저자극,0.9180327868852459,0.9180327868852459,0.7680327868852459,0.9180327868852459,977,4.85,34900,https://www.oliveyoung.co.kr/store/goods/getGoodsDetail.do?goodsNo=A000000246705&dispCatNo=1000001000700080011&trackingCd=Cat1000001000700080011_Small&t_page=%EC%B9%B4%ED%85%8C%EA%B3%A0%EB%A6%AC%EA%B4%80&t_click=%EC%BF%A0%EC%85%98/%ED%8C%8C%EC%9A%B4%EB%8D%B0%EC%9D%B4%EC%85%98_%EC%A0%84%EC%B2%B4_%EC%98%A4%EB%B8%8C%EC%A0%9C_%EC%83%81%ED%92%88%EC%83%81%EC%84%B8&t_number=3
-8405906270739231649,[맨즈파데1등] 그라펜 팁 스케치 멀티 커버 파운데이션 20ml,그라펜,"['21호', '23호', '27']",['spots'],[],3.14,2.48,3.86,liquid,저자극,0.9305555555555556,0.9305555555555556,0.7805555555555556,0.9305555555555556,500,4.96,32000,https://www.oliveyoung.co.kr/store/goods/getGoodsDetail.do?goodsNo=A000000222827&dispCatNo=1000001000700080011&trackingCd=Cat1000001000700080011_Small&t_page=%EC%B9%B4%ED%85%8C%EA%B3%A0%EB%A6%AC%EA%B4%80&t_click=%EC%BF%A0%EC%85%98/%ED%8C%8C%EC%9A%B4%EB%8D%B0%EC%9D%B4%EC%85%98_%EC%A0%84%EC%B2%B4__%EC%83%81%ED%92%88%EC%83%81%EC%84%B8&t_number=10&tab=review
-2181001340154036445,[밀착쿠션/OY단독기획/전용퍼프2P 증정] 정샘물 맨 슬림핏 누더 쿠션 (기획/단품),정샘물,"['01', '02', '03', '27']","['spots', 'whitening', 'wrinkle']","['combination', 'dry', 'oily', 'sensitive']",3.23,2.67,3.82,cushion,저자극,0.46683937823834204,0.366839378238342,0.3168393782383421,0.41683937823834205,123,4.84,34000,https://www.oliveyoung.co.kr/store/goods/getGoodsDetail.do?goodsNo=A000000225422&dispCatNo=1000001000700080011&trackingCd=Cat1000001000700080011_Small&t_page=%EC%B9%B4%ED%85%8C%EA%B3%A0%EB%A6%AC%EA%B4%80&t_click=%EC%BF%A0%EC%85%98/%ED%8C%8C%EC%9A%B4%EB%8D%B0%EC%9D%B4%EC%85%98_%EC%A0%84%EC%B2%B4__%EC%83%81%ED%92%88%EC%83%81%EC%84%B8&t_number=11&tab=review
-3253690939804763250,[올인원 완벽커버] 스웨거 톤 커버 파운데이션 스틱 [1호/2호],스웨거,"['1호', '2호']","['spots', 'pore']",['dry'],3.25,3.0,3.76,liquid,저자극,0.8571428571428572,0.7071428571428572,0.8571428571428572,0.7821428571428573,261,4.93,24900,https://www.oliveyoung.co.kr/store/goods/getGoodsDetail.do?goodsNo=A000000213066&dispCatNo=1000001000700080011&trackingCd=Cat1000001000700080011_Small&t_page=%EC%B9%B4%ED%85%8C%EA%B3%A0%EB%A6%AC%EA%B4%80&t_click=%EC%BF%A0%EC%85%98/%ED%8C%8C%EC%9A%B4%EB%8D%B0%EC%9D%B4%EC%85%98_%EC%A0%84%EC%B2%B4__%EC%83%81%ED%92%88%EC%83%81%EC%84%B8&t_number=24&tab=review
-3129785851270160360,[착붙쿠션] 그라펜 핸섬 커버쿠션 2종 택1,그라펜,"['1호', '3호']",['spots'],"['dry', 'combination', 'oily']",3.35,3.14,3.62,cushion,저자극,0.8611111111111112,0.7111111111111111,0.7111111111111111,0.7861111111111112,427,4.72,33900,https://www.oliveyoung.co.kr/store/goods/getGoodsDetail.do?goodsNo=A000000129149&dispCatNo=1000001000700080011&trackingCd=Cat1000001000700080011_Small&t_page=%EC%B9%B4%ED%85%8C%EA%B3%A0%EB%A6%AC%EA%B4%80&t_click=%EC%BF%A0%EC%85%98/%ED%8C%8C%EC%9A%B4%EB%8D%B0%EC%9D%B4%EC%85%98_%EC%A0%84%EC%B2%B4__%EC%83%81%ED%92%88%EC%83%81%EC%84%B8&t_number=13&tab=review
5630875937233373137,[피부착붙컬러] 그라펜 매치업 파운데이션 40ml 단품/기획,그라펜,"['23', '21', '27']","['acne', 'spots']",[],3.28,2.69,3.56,liquid,저자극,0.6761194029850747,0.6261194029850746,0.6261194029850746,0.6511194029850746,225,4.76,24000,https://www.oliveyoung.co.kr/store/goods/getGoodsDetail.do?goodsNo=A000000142173&dispCatNo=1000001000700080011&trackingCd=Cat1000001000700080011_Small&t_page=%EC%B9%B4%ED%85%8C%EA%B3%A0%EB%A6%AC%EA%B4%80&t_click=%EC%BF%A0%EC%85%98/%ED%8C%8C%EC%9A%B4%EB%8D%B0%EC%9D%B4%EC%85%98_%EC%A0%84%EC%B2%B4__%EC%83%81%ED%92%88%EC%83%81%EC%84%B8&t_number=17&tab=review
4758877897590895467,"[하루종일 착붙] 원오브뎀 드 뗑 쿠션 12g(1호, 2호)",원오브뎀,"['001', '002', '2호', '1호']","['spots', 'pore', 'acne', 'redness']","['dry', 'oily', 'sensitive', 'combination']",3.24,2.49,3.81,cushion,저자극,0.5473282442748091,0.8473282442748091,0.8473282442748091,0.6973282442748091,1168,4.98,32000,https://www.oliveyoung.co.kr/store/goods/getGoodsDetail.do?goodsNo=A000000206573&dispCatNo=1000001000700080011&trackingCd=Cat1000001000700080011_Small&t_page=%EC%B9%B4%ED%85%8C%EA%B3%A0%EB%A6%AC%EA%B4%80&t_click=%EC%BF%A0%EC%85%98/%ED%8C%8C%EC%9A%B4%EB%8D%B0%EC%9D%B4%EC%85%98_%EC%A0%84%EC%B2%B4__%EC%83%81%ED%92%88%EC%83%81%EC%84%B8&t_number=12&tab=review
4620368789614616211,다슈 맨즈 멀티 커버 스틱 파운데이션 ( 단품/기획 ),다슈,"['2호', '1호', '3호']","['spots', 'whitening', 'redness']","['dry', 'oily', 'combination']",3.33,2.0,4.5,liquid,저자극,0.5052631578947369,0.4552631578947368,0.4552631578947368,0.48026315789473684,16,4.94,29000,https://www.oliveyoung.co.kr/store/goods/getGoodsDetail.do?goodsNo=A000000229158&dispCatNo=1000001000700080011&trackingCd=Cat1000001000700080011_Small&t_page=%EC%B9%B4%ED%85%8C%EA%B3%A0%EB%A6%AC%EA%B4%80&t_click=%EC%BF%A0%EC%85%98/%ED%8C%8C%EC%9A%B4%EB%8D%B0%EC%9D%B4%EC%85%98_%EC%A0%84%EC%B2%B4__%EC%83%81%ED%92%88%EC%83%81%EC%84%B8&t_number=5&tab=review
6013888070848011925,다슈 맨즈 멀티 커버 스틱 파운데이션 12g 뉴트럴베이지 기획(+미니 톤 컨트롤 로션),다슈,"['23', '21', '2호', '3호', '1호']","['spots', 'acne']",[],3.33,2.6,3.6,liquid,저자극,0.5052631578947369,0.4552631578947368,0.4552631578947368,0.48026315789473684,636,4.78,29000,https://www.oliveyoung.co.kr/store/goods/getGoodsDetail.do?goodsNo=A000000182290&dispCatNo=1000001000700080011&trackingCd=Cat1000001000700080011_Small&t_page=%EC%B9%B4%ED%85%8C%EA%B3%A0%EB%A6%AC%EA%B4%80&t_click=%EC%BF%A0%EC%85%98/%ED%8C%8C%EC%9A%B4%EB%8D%B0%EC%9D%B4%EC%85%98_%EC%A0%84%EC%B2%B4__%EC%83%81%ED%92%88%EC%83%81%EC%84%B8&t_number=20&tab=review
-3518493282311289377,다슈 맨즈 아쿠아 매트 비비 쿠션 (리필용),다슈,['23호'],['pore'],[],3.75,2.0,3.5,cushion,저자극,0.8333333333333334,0.5333333333333334,0.5333333333333334,0.6833333333333333,22,4.91,18000,https://www.oliveyoung.co.kr/store/goods/getGoodsDetail.do?goodsNo=A000000143169&dispCatNo=1000001000700080011&trackingCd=Cat1000001000700080011_Small&t_page=%EC%B9%B4%ED%85%8C%EA%B3%A0%EB%A6%AC%EA%B4%80&t_click=%EC%BF%A0%EC%85%98/%ED%8C%8C%EC%9A%B4%EB%8D%B0%EC%9D%B4%EC%85%98_%EC%A0%84%EC%B2%B4__%EC%83%81%ED%92%88%EC%83%81%EC%84%B8&t_number=18&tab=review
-6469769340565757650,다슈 맨즈 아쿠아 매트 비비 쿠션 15g,다슈,['23호'],"['spots', 'whitening', 'acne']",['dry'],3.2,4.0,3.67,cushion,저자극,0.84375,0.54375,0.54375,0.69375,60,4.58,21000,https://www.oliveyoung.co.kr/store/goods/getGoodsDetail.do?goodsNo=A000000131803&dispCatNo=1000001000700080011&trackingCd=Cat1000001000700080011_Small&t_page=%EC%B9%B4%ED%85%8C%EA%B3%A0%EB%A6%AC%EA%B4%80&t_click=%EC%BF%A0%EC%85%98/%ED%8C%8C%EC%9A%B4%EB%8D%B0%EC%9D%B4%EC%85%98_%EC%A0%84%EC%B2%B4__%EC%83%81%ED%92%88%EC%83%81%EC%84%B8&t_number=16&tab=review
3417463243640467318,다슈 맨즈 아쿠아 매트 비비쿠션 (본품+리필),다슈,['23호'],"['acne', 'wrinkle', 'spots', 'whitening']","['oily', 'dry']",3.0,3.0,4.0,cushion,저자극,0.8333333333333334,0.5333333333333334,0.5333333333333334,0.6833333333333333,8,4.62,30000,https://www.oliveyoung.co.kr/store/goods/getGoodsDetail.do?goodsNo=A000000143170&dispCatNo=1000001000700080011&trackingCd=Cat1000001000700080011_Small&t_page=%EC%B9%B4%ED%85%8C%EA%B3%A0%EB%A6%AC%EA%B4%80&t_click=%EC%BF%A0%EC%85%98/%ED%8C%8C%EC%9A%B4%EB%8D%B0%EC%9D%B4%EC%85%98_%EC%A0%84%EC%B2%B4__%EC%83%81%ED%92%88%EC%83%81%EC%84%B8&t_number=19&tab=review
-1231312018540617253,두잉왓 소프트 블러링 필터 쿠션 15g 단품/기획,두잉왓,"['1호', '2호', '3호', '4호', '21']","['spots', 'acne']","['dry', 'combination', 'oily', 'sensitive']",3.33,2.86,3.65,cushion,저자극,0.7619047619047619,0.36190476190476184,0.26190476190476186,0.5619047619047619,218,4.75,33900,https://www.oliveyoung.co.kr/store/goods/getGoodsDetail.do?goodsNo=A000000200388&dispCatNo=1000001000700080011&trackingCd=Cat1000001000700080011_Small&t_page=%EC%B9%B4%ED%85%8C%EA%B3%A0%EB%A6%AC%EA%B4%80&t_click=%EC%BF%A0%EC%85%98/%ED%8C%8C%EC%9A%B4%EB%8D%B0%EC%9D%B4%EC%85%98_%EC%A0%84%EC%B2%B4__%EC%83%81%ED%92%88%EC%83%81%EC%84%B8&t_number=21&tab=review
-7486464741680046464,듀이셀 트루빔 파운데이션 12g,듀이셀,[],"['spots', 'whitening', 'acne', 'pore']","['sensitive', 'dry', 'oily']",3.17,2.0,3.4,liquid,저자극,0.5226950354609929,0.6726950354609929,0.6726950354609929,0.5976950354609929,18,5.0,36000,https://www.oliveyoung.co.kr/store/goods/getGoodsDetail.do?goodsNo=A000000204825&dispCatNo=1000001000700080011&trackingCd=Cat1000001000700080011_Small&t_page=%EC%B9%B4%ED%85%8C%EA%B3%A0%EB%A6%AC%EA%B4%80&t_click=%EC%BF%A0%EC%85%98/%ED%8C%8C%EC%9A%B4%EB%8D%B0%EC%9D%B4%EC%85%98_%EC%A0%84%EC%B2%B4__%EC%83%81%ED%92%88%EC%83%81%EC%84%B8&t_number=19&tab=review
6537025432860638431,듀이셀 트루빔 파운데이션 12g 기획(+토너패드 20매),듀이셀,['23호'],"['spots', 'pore', 'acne']",['dry'],3.26,2.82,3.71,liquid,저자극,0.5226950354609929,0.6726950354609929,0.6726950354609929,0.5976950354609929,935,4.94,36000,https://www.oliveyoung.co.kr/store/goods/getGoodsDetail.do?goodsNo=A000000210307&dispCatNo=1000001000700080011&trackingCd=Cat1000001000700080011_Small&t_page=%EC%B9%B4%ED%85%8C%EA%B3%A0%EB%A6%AC%EA%B4%80&t_click=%EC%BF%A0%EC%85%98/%ED%8C%8C%EC%9A%B4%EB%8D%B0%EC%9D%B4%EC%85%98_%EC%A0%84%EC%B2%B4__%EC%83%81%ED%92%88%EC%83%81%EC%84%B8&t_number=5&tab=review
-3142130417201757110,라끌랑 내츄럴 커버 옴므쿠션 3종 택1,라끌랑,"['2호', '27', '3호', '1호']",['acne'],[],3.27,3.31,3.7,cushion,저자극,0.7959183673469388,0.6459183673469387,0.4959183673469388,0.7209183673469388,413,4.75,35000,https://www.oliveyoung.co.kr/store/goods/getGoodsDetail.do?goodsNo=A000000130814&dispCatNo=1000001000700080011&trackingCd=Cat1000001000700080011_Small&t_page=%EC%B9%B4%ED%85%8C%EA%B3%A0%EB%A6%AC%EA%B4%80&t_click=%EC%BF%A0%EC%85%98/%ED%8C%8C%EC%9A%B4%EB%8D%B0%EC%9D%B4%EC%85%98_%EC%A0%84%EC%B2%B4__%EC%83%81%ED%92%88%EC%83%81%EC%84%B8&t_number=15&tab=review
-2690975380720256958,라끌랑 슈퍼쉴드 옴므쿠션 2종 택1,라끌랑,"['2호', '1호', '27', '23']","['spots', 'acne']",['oily'],3.31,3.2,3.75,cushion,저자극,0.9193548387096774,0.7693548387096774,0.9193548387096774,0.8443548387096773,459,4.71,39000,https://www.oliveyoung.co.kr/store/goods/getGoodsDetail.do?goodsNo=A000000130798&dispCatNo=1000001000700080011&trackingCd=Cat1000001000700080011_Small&t_page=%EC%B9%B4%ED%85%8C%EA%B3%A0%EB%A6%AC%EA%B4%80&t_click=%EC%BF%A0%EC%85%98/%ED%8C%8C%EC%9A%B4%EB%8D%B0%EC%9D%B4%EC%85%98_%EC%A0%84%EC%B2%B4__%EC%83%81%ED%92%88%EC%83%81%EC%84%B8&t_number=14&tab=review
-7140719455849390100,라끌랑 올데이 파워 픽스쿠션 3종 택1,라끌랑,"['2호', '1호', '3호']",['spots'],"['oily', 'combination']",3.19,2.89,3.87,cushion,저자극,0.6777777777777778,0.7777777777777778,0.6277777777777778,0.7277777777777779,100,4.86,37000,https://www.oliveyoung.co.kr/store/goods/getGoodsDetail.do?goodsNo=A000000184127&dispCatNo=1000001000700080011&trackingCd=Cat1000001000700080011_Small&t_page=%EC%B9%B4%ED%85%8C%EA%B3%A0%EB%A6%AC%EA%B4%80&t_click=%EC%BF%A0%EC%85%98/%ED%8C%8C%EC%9A%B4%EB%8D%B0%EC%9D%B4%EC%85%98_%EC%A0%84%EC%B2%B4__%EC%83%81%ED%92%88%EC%83%81%EC%84%B8&t_number=6&tab=review
5741492637321691636,비레디 블루 쿠션 4세대 15g(SPF 34 PA++),비레디,"['1호', '2호', '3호', '21', '4호']","['spots', 'acne']","['oily', 'combination', 'dry']",3.22,3.06,3.77,cushion,저자극,0.4522388059701493,0.15223880597014927,0.40223880597014927,0.3022388059701493,3302,4.84,32900,https://www.oliveyoung.co.kr/store/goods/getGoodsDetail.do?goodsNo=A000000212063&dispCatNo=1000001000700080011&trackingCd=Cat1000001000700080011_Small&t_page=%EC%B9%B4%ED%85%8C%EA%B3%A0%EB%A6%AC%EA%B4%80&t_click=%EC%BF%A0%EC%85%98/%ED%8C%8C%EC%9A%B4%EB%8D%B0%EC%9D%B4%EC%85%98_%EC%A0%84%EC%B2%B4__%EC%83%81%ED%92%88%EC%83%81%EC%84%B8&t_number=2&tab=review
209846398426332218,비레디 블루 쿠션 4세대 리필 15g,비레디,"['21', '27', '23', '2호', '3호']","['acne', 'spots']","['combination', 'sensitive']",3.24,2.79,3.78,cushion,저자극,0.4522388059701493,0.15223880597014927,0.40223880597014927,0.3022388059701493,364,4.87,24900,https://www.oliveyoung.co.kr/store/goods/getGoodsDetail.do?goodsNo=A000000217042&dispCatNo=1000001000700080011&trackingCd=Cat1000001000700080011_Small&t_page=%EC%B9%B4%ED%85%8C%EA%B3%A0%EB%A6%AC%EA%B4%80&t_click=%EC%BF%A0%EC%85%98/%ED%8C%8C%EC%9A%B4%EB%8D%B0%EC%9D%B4%EC%85%98_%EC%A0%84%EC%B2%B4__%EC%83%81%ED%92%88%EC%83%81%EC%84%B8&t_number=8&tab=review
-3012165713437081830,비레디 블루 파운데이션 35ml,비레디,"['2호', '4호', '3호', '5호', '1호']","['spots', 'acne']",[],3.29,3.04,3.66,liquid,저자극,0.38904109589041097,0.18904109589041096,0.43904109589041096,0.28904109589041094,886,4.77,29000,https://www.oliveyoung.co.kr/store/goods/getGoodsDetail.do?goodsNo=A000000178092&dispCatNo=1000001000700080011&trackingCd=Cat1000001000700080011_Small&t_page=%EC%B9%B4%ED%85%8C%EA%B3%A0%EB%A6%AC%EA%B4%80&t_click=%EC%BF%A0%EC%85%98/%ED%8C%8C%EC%9A%B4%EB%8D%B0%EC%9D%B4%EC%85%98_%EC%A0%84%EC%B2%B4__%EC%83%81%ED%92%88%EC%83%81%EC%84%B8&t_number=3&tab=review
-7570409755446067219,엠도씨 엔드 핏 스틱 비비 파운데이션 13g (1호/2호/3호),엠도씨,"['3호', '2호', '1호']","['acne', 'spots']","['combination', 'sensitive']",3.62,4.0,4.0,liquid,저자극,0.568995633187773,0.868995633187773,0.418995633187773,0.7189956331877729,31,4.94,29000,https://www.oliveyoung.co.kr/store/goods/getGoodsDetail.do?goodsNo=A000000207759&dispCatNo=1000001000700080011&trackingCd=Cat1000001000700080011_Small&t_page=%EC%B9%B4%ED%85%8C%EA%B3%A0%EB%A6%AC%EA%B4%80&t_click=%EC%BF%A0%EC%85%98/%ED%8C%8C%EC%9A%B4%EB%8D%B0%EC%9D%B4%EC%85%98_%EC%A0%84%EC%B2%B4__%EC%83%81%ED%92%88%EC%83%81%EC%84%B8&t_number=23&tab=review
7300132781416768540,오브제 내추럴 커버 파운데이션 기획세트(+클렌징폼 50ml),오브제,"['2호', '23', '1호', '3호', '21']",['spots'],['combination'],3.24,2.84,3.64,liquid,저자극,0.8360655737704918,0.8360655737704918,0.6860655737704918,0.8360655737704918,6518,4.84,36800,https://www.oliveyoung.co.kr/store/goods/getGoodsDetail.do?goodsNo=A000000198001&dispCatNo=1000001000700080011&trackingCd=Cat1000001000700080011_Small&t_page=%EC%B9%B4%ED%85%8C%EA%B3%A0%EB%A6%AC%EA%B4%80&t_click=%EC%BF%A0%EC%85%98/%ED%8C%8C%EC%9A%B4%EB%8D%B0%EC%9D%B4%EC%85%98_%EC%A0%84%EC%B2%B4__%EC%83%81%ED%92%88%EC%83%81%EC%84%B8&t_number=1&tab=review
